[
  {
    "name" : "sessions house",
    "year_built" : 1710,
    "year_renovated" : 1996,
    "image" : "sessionshouse.jpg",
    "area_of_campus" : "center campus",
    "total_capacity" : 52,
    "num_singles" : 28,
    "num_doubles": 12,
    "num_triples" : 0,
    "approximate_number_sharing_a_bathroom" : 18,
    "accessible" : "yes",
    "has_elevator" : "no",
    "num_floors": 3,
    "floors_link": "https://www.smith.edu/reslife/floorplans/Sessions.pdf"
  },
  {
    "name" : "sessions annex",
    "year_built" : 1873,
    "year_renovated" : 2001,
    "image" : "sessionshouse.jpg",
    "area_of_campus" : "center campus",
    "total_capacity" : 52,
    "num_singles" : 28,
    "num_doubles": 12,
    "num_triples" : 0,
    "approximate_number_sharing_a_bathroom" : 8,
    "accessible" : "yes",
    "has_elevator" : "no",
    "num_floors": 3,
    "floors_link": "https://www.smith.edu/reslife/floorplans/SessionsAnnex.pdf"
  },
  {
    "name" : "cutter house",
    "year_built" : 1957,
    "year_renovated" : 2014,
    "image" : "cutter.jpg",
    "area_of_campus" : "center campus",
    "total_capacity" : 76,
    "num_singles" : 60,
    "num_doubles": 8,
    "num_triples" : 0,
    "approximate_number_sharing_a_bathroom" : 40,
    "accessible" : "yes",
    "has_elevator" : "yes",
    "num_floors": 3,
    "floors_link": "https://www.smith.edu/reslife/floorplans/Cutter.pdf"
  },
  {
    "name" : "haven house",
    "year_built" : 1899,
    "year_renovated" : 2007,
    "image" : "haven.jpg",
    "area_of_campus" : "center campus",
    "total_capacity" : 71,
    "num_singles" : 25,
    "num_doubles": 23,
    "num_triples" : 0,
    "approximate_number_sharing_a_bathroom" : 23,
    "accessible" : "yes",
    "has_elevator" : "no",
    "num_floors": 3,
    "floors_link": "https://www.smith.edu/reslife/floorplans/Haven.pdf"
  },
  {
    "name" : "wesley house",
    "year_built" : 1899,
    "year_renovated" : 2007,
    "image" : "wesley.jpg",
    "area_of_campus" : "center campus",
    "total_capacity" : 71,
    "num_singles" : 25,
    "num_doubles": 23,
    "num_triples" : 0,
    "approximate_number_sharing_a_bathroom" : 23,
    "accessible" : "yes",
    "has_elevator" : "no",
    "num_floors": 3,
    "floors_link": "https://www.smith.edu/reslife/floorplans/Wesley.pdf"
  },
  {
    "name" : "hopkins house",
    "year_built" : 1861,
    "year_renovated" : 2000,
    "image" : "hopkins.jpg",
    "area_of_campus" : "center campus",
    "total_capacity" : 18,
    "num_singles" : 12,
    "num_doubles": 3,
    "num_triples" : 0,
    "approximate_number_sharing_a_bathroom" : 13,
    "accessible" : "yes",
    "has_elevator" : "no",
    "num_floors": 3,
    "floors_link": "https://www.smith.edu/reslife/floorplans/Hopkins.pdf"
  },
  {
    "name" : "friedman apartments",
    "year_built" : 2016,
    "year_renovated" : 2016,
    "image" : "friedman.jpg",
    "area_of_campus" : "center campus",
    "total_capacity" : 80,
    "num_singles" : 80,
    "num_doubles": 0,
    "num_triples" : 0,
    "approximate_number_sharing_a_bathroom" : 4,
    "accessible" : "no",
    "has_elevator" : "no",
    "num_floors": 5,
    "floors_link": "https://www.smith.edu/reslife/floorplans/PRA_Floor_Plans.pdf"
  },
  {
    "name" : "park house",
    "year_built" : 1880,
    "year_renovated" : 2008,
    "image" : "parkhouse.jpg",
    "area_of_campus" : "center campus",
    "total_capacity" : 71,
    "num_singles" : 37,
    "num_doubles": 17,
    "num_triples" : 0,
    "approximate_number_sharing_a_bathroom" : 21,
    "accessible" : "no",
    "has_elevator" : "no",
    "num_floors": 4,
    "floors_link": "https://www.smith.edu/reslife/floorplans/Park.pdf"
  },
  {
    "name" : "park annex",
    "year_built" : 1880,
    "year_renovated" : 2009,
    "image" : "parkannex.jpg",
    "area_of_campus" : "center campus",
    "total_capacity" : 71,
    "num_singles" : 37,
    "num_doubles": 17,
    "num_triples" : 0,
    "approximate_number_sharing_a_bathroom" : 5,
    "accessible" : "no",
    "has_elevator" : "no",
    "num_floors": 3,
    "floors_link": "https://www.smith.edu/reslife/floorplans/ParkAnnex.pdf"
  },
  {
    "name" : "tenney house",
    "year_built" : 1881,
    "year_renovated" : 2000,
    "image" : "tenney.jpg",
    "area_of_campus" : "center campus",
    "total_capacity" : 14,
    "num_singles" : 12,
    "num_doubles": 0,
    "num_triples" : 0,
    "approximate_number_sharing_a_bathroom" : 7,
    "accessible" : "yes",
    "has_elevator" : "no",
    "num_floors": 3,
    "floors_link": "https://www.smith.edu/reslife/floorplans/Tenney.pdf"
  },
  {
    "name" : "ziskind house",
    "year_built" : 1955,
    "year_renovated" : 2014,
    "image" : "ziskind.jpg",
    "area_of_campus" : "center campus",
    "total_capacity" : 77,
    "num_singles" : 61,
    "num_doubles": 8,
    "num_triples" : 0,
    "approximate_number_sharing_a_bathroom" : 40,
    "accessible" : "yes",
    "has_elevator" : "yes",
    "num_floors": 3,
    "floors_link": "https://www.smith.edu/reslife/floorplans/Ziskind.pdf"
  },
  {
    "name" : "chapin house",
    "year_built" : 1903,
    "year_renovated" : 1996,
    "image" : "chapin.jpg",
    "area_of_campus" : "green street",
    "total_capacity" : 70,
    "num_singles" : 36,
    "num_doubles": 17,
    "num_triples" : 0,
    "approximate_number_sharing_a_bathroom" : 23,
    "accessible" : "yes",
    "has_elevator" : "no",
    "num_floors": 4,
    "floors_link": "https://www.smith.edu/reslife/floorplans/Chapin.pdf"
  },
  {
    "name" : "hubbard house",
    "year_built" : 1879,
    "year_renovated" : 1994,
    "image" : "hubbard.jpg",
    "area_of_campus" : "green street",
    "total_capacity" : 53,
    "num_singles" : 21,
    "num_doubles": 16,
    "num_triples" : 0,
    "approximate_number_sharing_a_bathroom" : 18,
    "accessible" : "yes",
    "has_elevator" : "no",
    "num_floors": 4,
    "floors_link": "https://www.smith.edu/reslife/floorplans/Hubbard.pdf"
  },
  {
    "name" : "lawrence house",
    "year_built" : 1893,
    "year_renovated" : 2010,
    "image" : "lawrence.jpg",
    "area_of_campus" : "green street",
    "total_capacity" : 67,
    "num_singles" : 33,
    "num_doubles": 17,
    "num_triples" : 0,
    "approximate_number_sharing_a_bathroom" : 23,
    "accessible" : "yes",
    "has_elevator" : "no",
    "num_floors": 4,
    "floors_link": "https://www.smith.edu/reslife/floorplans/Lawrence.pdf"
  },
  {
    "name" : "morris house",
    "year_built" : 1893,
    "year_renovated" : 2010,
    "image" : "morris.jpg",
    "area_of_campus" : "green street",
    "total_capacity" : 68,
    "num_singles" : 34,
    "num_doubles": 17,
    "num_triples" : 0,
    "approximate_number_sharing_a_bathroom" : 23,
    "accessible" : "yes",
    "has_elevator" : "no",
    "num_floors": 4,
    "floors_link": "https://www.smith.edu/reslife/floorplans/Morris.pdf"
  },
  {
    "name" : "parsons house",
    "year_built" : 1902,
    "year_renovated" : 2001,
    "image" : "parsons.jpg",
    "area_of_campus" : "green street",
    "total_capacity" : 46,
    "num_singles" : 28,
    "num_doubles": 12,
    "num_triples" : 0,
    "approximate_number_sharing_a_bathroom" : 18,
    "accessible" : "yes",
    "has_elevator" : "no",
    "num_floors": 4,
    "floors_link": "https://www.smith.edu/reslife/floorplans/ParsonsAll.pdf"
  },
  {
    "name" : "parsons annex",
    "year_built" : 1896,
    "year_renovated" : 2001,
    "image" : "parsonannex.jpg",
    "area_of_campus" : "green street",
    "total_capacity" : 18,
    "num_singles" : 28,
    "num_doubles": 12,
    "num_triples" : 0,
    "approximate_number_sharing_a_bathroom" : 8,
    "accessible" : "yes",
    "has_elevator" : "no",
    "num_floors": 3,
    "floors_link": "https://www.smith.edu/reslife/floorplans/ParsonsAnnex.pdf"
  },
  {
    "name" : "tyler house",
    "year_built" : 1898,
    "year_renovated" : 1993,
    "image" : "tyler.jpg",
    "area_of_campus" : "green street",
    "total_capacity" : 69,
    "num_singles" : 41,
    "num_doubles": 14,
    "num_triples" : 0,
    "approximate_number_sharing_a_bathroom" : 23,
    "accessible" : "yes",
    "has_elevator" : "no",
    "num_floors": 4,
    "floors_link": "https://www.smith.edu/reslife/floorplans/Tyler.pdf"
  },
  {
    "name" : "washburn house",
    "year_built" : 1878,
    "year_renovated" : 2009,
    "image" : "washburn.jpg",
    "area_of_campus" : "green street",
    "total_capacity" : 43,
    "num_singles" : 15,
    "num_doubles": 14,
    "num_triples" : 0,
    "approximate_number_sharing_a_bathroom" : 17,
    "accessible" : "yes",
    "has_elevator" : "no",
    "num_floors": 4,
    "floors_link": "https://www.smith.edu/reslife/floorplans/Washburn.pdf"
  },
  {
    "name" : "cushing house",
    "year_built" : 1922,
    "year_renovated" : 1995,
    "image" : "cushing.jpg",
    "area_of_campus" : "east quad",
    "total_capacity" : 79,
    "num_singles" : 58,
    "num_doubles": 9,
    "num_triples" : 1,
    "approximate_number_sharing_a_bathroom" : 23,
    "accessible" : "yes",
    "has_elevator" : "no",
    "num_floors": 4,
    "floors_link": "https://www.smith.edu/reslife/floorplans/Cushing.pdf"
  },
  {
    "name" : "emerson house",
    "year_built" : 1922,
    "year_renovated" : 1995,
    "image" : "emerson.jpg",
    "area_of_campus" : "east quad",
    "total_capacity" : 87,
    "num_singles" : 61,
    "num_doubles": 13,
    "num_triples" : 0,
    "approximate_number_sharing_a_bathroom" : 17,
    "accessible" : "yes",
    "has_elevator" : "no",
    "num_floors": 4,
    "floors_link": "https://www.smith.edu/reslife/floorplans/Emerson.pdf"
  },
  {
    "name" : "jordan house",
    "year_built" : 1922,
    "year_renovated" : 1995,
    "image" : "jordan.jpg",
    "area_of_campus" : "east quad",
    "total_capacity" : 84,
    "num_singles" : 53,
    "num_doubles": 14,
    "num_triples" : 1,
    "approximate_number_sharing_a_bathroom" : 27,
    "accessible" : "yes",
    "has_elevator" : "no",
    "num_floors": 4,
    "floors_link": "https://www.smith.edu/reslife/floorplans/Jordan.pdf"
  },
  {
    "name" : "king house",
    "year_built" : 1936,
    "year_renovated" : 2001,
    "image" : "king.jpg",
    "area_of_campus" : "east quad",
    "total_capacity" : 78,
    "num_singles" : 73,
    "num_doubles": 1,
    "num_triples" : 1,
    "approximate_number_sharing_a_bathroom" : 25,
    "accessible" : "yes",
    "has_elevator" : "yes",
    "num_floors": 4,
    "floors_link": "https://www.smith.edu/reslife/floorplans/King.pdf"
  },
  {
    "name" : "scales house",
    "year_built" : 1936,
    "year_renovated" : 2001,
    "image" : "scales.jpg",
    "area_of_campus" : "east quad",
    "total_capacity" : 74,
    "num_singles" : 74,
    "num_doubles": 0,
    "num_triples" : 0,
    "approximate_number_sharing_a_bathroom" : 25,
    "accessible" : "yes",
    "has_elevator" : "yes",
    "num_floors": 4,
    "floors_link": "https://www.smith.edu/reslife/floorplans/Scales.pdf"
  },
    {
    "name" : "comstock house",
    "year_built" : 1930,
    "year_renovated" : 2000,
    "image" : "comstock.jpg",
    "area_of_campus" : "west quad",
    "total_capacity" : 81,
    "num_singles" : 58,
    "num_doubles": 10,
    "num_triples" : 1,
    "approximate_number_sharing_a_bathroom" : 30,
    "accessible" : "yes",
    "has_elevator" : "yes",
    "num_floors": 3,
    "floors_link": "https://www.smith.edu/reslife/floorplans/Comstock.pdf"
  },
  {
    "name" : "gardiner house",
    "year_built" : 1926,
    "year_renovated" : 1999,
    "image" : "gardiner.jpg",
    "area_of_campus" : "west quad",
    "total_capacity" : 83,
    "num_singles" : 56,
    "num_doubles": 12,
    "num_triples" : 1,
    "approximate_number_sharing_a_bathroom" : 25,
    "accessible" : "yes",
    "has_elevator" : "no",
    "num_floors": 4,
    "floors_link": "https://www.smith.edu/reslife/floorplans/Gardiner.pdf"
  },
  {
    "name" : "morrow house",
    "year_built" : 1930,
    "year_renovated" : 2000,
    "image" : "morrow.jpg",
    "area_of_campus" : "west quad",
    "total_capacity" : 83,
    "num_singles" : 56,
    "num_doubles": 12,
    "num_triples" : 1,
    "approximate_number_sharing_a_bathroom" : 25,
    "accessible" : "yes",
    "has_elevator" : "no",
    "num_floors": 4,
    "floors_link": "https://www.smith.edu/reslife/floorplans/Morrow.pdf"
  },
  {
    "name" : "wilder house",
    "year_built" : 1930,
    "year_renovated" : 2000,
    "image" : "wilder.jpg",
    "area_of_campus" : "west quad",
    "total_capacity" : 82,
    "num_singles" : 57,
    "num_doubles": 11,
    "num_triples" : 1,
    "approximate_number_sharing_a_bathroom" : 30,
    "accessible" : "yes",
    "has_elevator" : "yes",
    "num_floors": 4,
    "floors_link": "https://www.smith.edu/reslife/floorplans/Wilder.pdf"
  },
  {
    "name" : "wilson house",
    "year_built" : 1926,
    "year_renovated" : 1994,
    "image" : "wilson.jpg",
    "area_of_campus" : "west quad",
    "total_capacity" : 102,
    "num_singles" : 78,
    "num_doubles": 12,
    "num_triples" : 0,
    "approximate_number_sharing_a_bathroom" : 24,
    "accessible" : "yes",
    "has_elevator" : "no",
    "num_floors": 4,
    "floors_link": "https://www.smith.edu/reslife/floorplans/Wilson.pdf"
  },
  {
    "name" : "capen house",
    "year_built" : 1825,
    "year_renovated" : 1998,
    "image" : "capen.jpg",
    "area_of_campus" : "upper elm street",
    "total_capacity" : 73,
    "num_singles" : 29,
    "num_doubles": 22,
    "num_triples" : 0,
    "approximate_number_sharing_a_bathroom" : 24,
    "accessible" : "yes",
    "has_elevator" : "no",
    "num_floors": 3,
    "floors_link": "https://www.smith.edu/reslife/floorplans/Capen.pdf"
  },
  {
    "name" : "gillett house",
    "year_built" : 1910,
    "year_renovated" : 1994,
    "image" : "gillett.jpg",
    "area_of_campus" : "upper elm street",
    "total_capacity" : 80,
    "num_singles" : 72,
    "num_doubles": 4,
    "num_triples" : 0,
    "approximate_number_sharing_a_bathroom" : 24,
    "accessible" : "yes",
    "has_elevator" : "no",
    "num_floors": 5,
    "floors_link": "https://www.smith.edu/reslife/floorplans/Gillett.pdf"
  },
  {
    "name" : "lamont house",
    "year_built" : 1955,
    "year_renovated" : 2008,
    "image" : "lamont.jpg",
    "area_of_campus" : "upper elm street",
    "total_capacity" : 83,
    "num_singles" : 36,
    "num_doubles": 22,
    "num_triples" : 1,
    "approximate_number_sharing_a_bathroom" : 25,
    "accessible" : "yes",
    "has_elevator" : "yes",
    "num_floors": 4,
    "floors_link": "https://www.smith.edu/reslife/floorplans/Lamont.pdf"
  },
  {
    "name" : "northrop house",
    "year_built" : 1910,
    "year_renovated" : 1994,
    "image" : "northrop.jpg",
    "area_of_campus" : "upper elm street",
    "total_capacity" : 80,
    "num_singles" : 72,
    "num_doubles": 4,
    "num_triples" : 0,
    "approximate_number_sharing_a_bathroom" : 22,
    "accessible" : "yes",
    "has_elevator" : "yes",
    "num_floors": 5,
    "floors_link": "https://www.smith.edu/reslife/floorplans/Northrop.pdf"
  },
  {
    "name" : "talbot house",
    "year_built" : 1909,
    "year_renovated" : 2007,
    "image" : "talbot.jpg",
    "area_of_campus" : "upper elm street",
    "total_capacity" : 80,
    "num_singles" : 26,
    "num_doubles": 27,
    "num_triples" : 0,
    "approximate_number_sharing_a_bathroom" : 26,
    "accessible" : "no",
    "has_elevator" : "no",
    "num_floors": 5,
    "floors_link": "https://www.smith.edu/reslife/floorplans/Talbot.pdf"
  },
  {
    "name" : "54 green street",
    "year_built" : "mid-20th cent",
    "year_renovated" : 1985,
    "image" : "54greenst.jpg",
    "area_of_campus" : "lower elm street",
    "total_capacity" : 13,
    "num_singles" : 13,
    "num_doubles": 0,
    "num_triples" : 0,
    "approximate_number_sharing_a_bathroom" : 5,
    "accessible" : "no",
    "has_elevator" : "no",
    "num_floors": 1,
    "floors_link": "https://www.smith.edu/reslife/floorplans/54Green.pdf"
  },
  {
    "name" : "44 green street",
    "year_built" : "mid-20th cent",
    "year_renovated" : 2011,
    "image" : "44greenst.jpg",
    "area_of_campus" : "lower elm street",
    "total_capacity" : 20,
    "num_singles" : 10,
    "num_doubles": 5,
    "num_triples" : 0,
    "approximate_number_sharing_a_bathroom" : 5,
    "accessible" : "no",
    "has_elevator" : "no",
    "num_floors": 2,
    "floors_link": "https://www.smith.edu/reslife/floorplans/44Green.pdf"
  },
  {
    "name" : "albright house",
    "year_built" : 1900,
    "year_renovated" : 2008,
    "image" : "albright.jpg",
    "area_of_campus" : "lower elm street",
    "total_capacity" : 73,
    "num_singles" : 29,
    "num_doubles": 19,
    "num_triples" : 2,
    "approximate_number_sharing_a_bathroom" : 21,
    "accessible" : "no",
    "has_elevator" : "no",
    "num_floors": 4,
    "floors_link": "https://www.smith.edu/reslife/floorplans/Albright.pdf"
  },
  {
    "name" : "baldwin house",
    "year_built" : 1908,
    "year_renovated" : 2006,
    "image" : "baldwin.jpg",
    "area_of_campus" : "lower elm street",
    "total_capacity" : 73,
    "num_singles" : 35,
    "num_doubles": 7,
    "num_triples" : 0,
    "approximate_number_sharing_a_bathroom" : 18,
    "accessible" : "yes",
    "has_elevator" : "no",
    "num_floors": 5,
    "floors_link": "https://www.smith.edu/reslife/floorplans/Baldwin.pdf"
  },
  {
    "name" : "chase house",
    "year_built" : 1810,
    "year_renovated" : 1995,
    "image" : "chase.jpg",
    "area_of_campus" : "lower elm street",
    "total_capacity" : 57,
    "num_singles" : 57,
    "num_doubles": 0,
    "num_triples" : 0,
    "approximate_number_sharing_a_bathroom" : 27,
    "accessible" : "yes",
    "has_elevator" : "yes",
    "num_floors": 3,
    "floors_link": "https://www.smith.edu/reslife/floorplans/Chase.pdf"
  },
  {
    "name" : "duckett house",
    "year_built" : 1810,
    "year_renovated" : 1995,
    "image" : "duckett.jpg",
    "area_of_campus" : "lower elm street",
    "total_capacity" : 37,
    "num_singles" : 21,
    "num_doubles": 8,
    "num_triples" : 0,
    "approximate_number_sharing_a_bathroom" : 15,
    "accessible" : "yes",
    "has_elevator" : "yes",
    "num_floors": 4,
    "floors_link": "https://www.smith.edu/reslife/floorplans/Duckett.pdf"
  },
  {
    "name" : "conway house",
    "year_built" : 1810,
    "year_renovated" : "mid-20th cent",
    "image" : "conway.jpg",
    "area_of_campus" : "lower elm street",
    "total_capacity" : 13,
    "num_singles" : 13,
    "num_doubles": 0,
    "num_triples" : 0,
    "approximate_number_sharing_a_bathroom" : 5,
    "accessible" : "no",
    "has_elevator" : "no",
    "num_floors": 1,
    "floors_link": "https://www.smith.edu/reslife/floorplans/Conway-lower.pdf"
  },
  {
    "name" : "150 elm street",
    "year_built" : "late 1800s",
    "year_renovated" : 1917,
    "image" : "150elmstreet.jpg",
    "area_of_campus" : "lower elm street",
    "total_capacity" : 13,
    "num_singles" : 13,
    "num_doubles": 0,
    "num_triples" : 0,
    "approximate_number_sharing_a_bathroom" : 5,
    "accessible" : "no",
    "has_elevator" : "no",
    "num_floors": 3,
    "floors_link": "https://www.smith.edu/reslife/floorplans/150Elm.pdf"
  }
]
